1,The Nightmare Before Christmas,1993,3.9,4568
2,The Mummy,1932,3.5,4388
3,Orphans of the Storm,1921,3.2,9062
4,The Object of Beauty,1991,2.8,6150
5,Night Tide,1963,2.8,5126
6,One Magic Christmas,1985,3.8,5333
7,Muriel's Wedding,1994,3.5,6323
8,Mother's Boys,1994,3.4,5733
9,Nosferatu: Original Version,1929,3.5,5651
10,Nick of Time,1995,3.4,5333
11,Broken Blossoms,1919,3.3,5367
12,Big Night,1996,3.6,6561
13,The Birth of a Nation,1915,2.9,12118
14,The Boys from Brazil,1978,3.6,7417
15,Big Doll House,1971,2.9,5696
16,The Breakfast Club,1985,4.0,5823
17,The Bride of Frankenstein,1935,3.7,4485
18,Beautiful Girls,1996,3.5,6755
19,Bustin' Loose,1981,3.7,5598
20,The Beguiled,1971,3.4,6307
21,Born on the Fourth of July,1989,3.4,8646
22,Broadcast News,1987,3.4,7940
23,Swimming with Sharks,1994,3.3,5586
24,Beavis and Butt-head Do America,1996,3.4,4852
25,Brighton Beach Memoirs,1986,3.4,6564
26,The Best of Times,1986,3.4,6247
27,Brassed Off,1996,3.5,6040
28,Last Tango in Paris,1972,3.1,7732
29,Leprechaun 2,1994,3.2,5125
30,Incident at Oglala: The Leonard Peltier Story,1992,3.7,5487
31,Kalifornia,1993,3.4,7095
32,The Lady Vanishes,1938,3.7,5762
33,Jingle All the Way,1996,3.6,5371
34,Killing Zoe,1993,3.4,5773
35,King of Beggars,1992,3.6,6025
36,Into the Woods,1990,4.0,9077
37,Joe Kidd,1972,3.7,5252
38,In Too Deep,1999,3.9,5823
39,King Kong,1976,3.2,8044
40,Internal Affairs,1990,3.5,6885
41,Jesus Christ Superstar,1973,3.6,6388
42,In the Name of the Father,1993,3.9,7972
43,Easy Money,1987,2.8,5794
44,Do the Right Thing,1989,3.6,7186
45,Days of Heaven,1978,3.4,5628
46,Drop Zone,1994,3.4,6087
47,Escape from L.A.,1996,3.3,6039
48,Emma,1996,3.5,7260
49,Disco Godfather,1979,3.0,5869
50,The Eiger Sanction,1975,3.5,7726
51,Elvis '56,1987,3.8,3518
52,Double Dragon,1994,3.3,5781
53,Double Jeopardy,1999,3.7,6311
54,Death Becomes Her,1992,3.4,6207
55,The Doors,1991,3.6,8436
56,Evil Dead 2: Dead by Dawn,1987,3.6,5047
57,Eat My Dust!,1976,3.0,5320
58,Desperado,1995,3.9,6269
59,Darkman II: The Return of Durant,1994,2.8,5557
60,The Doom Generation,1995,2.9,4309
61,The Englishman Who Went Up a Hill but Came Down a Mountain,1995,3.4,5752
62,Dr. Jekyll and Mr. Hyde,1920,3.2,4679
63,48 Hrs.,1982,3.6,5794
64,The Baby,1973,2.9,5101
65,The Addams Family,1991,3.5,5976
66,Bad Lieutenant,1992,3.2,5774
67,The Andromeda Strain,1971,3.6,7861
68,Albino Alligator,1996,3.1,5644
69,101 Dalmatians,1996,3.7,6172
70,Another 48 Hrs.,1990,3.5,5723
71,All About Eve,1950,3.8,8300
72,The Aristocats,1970,3.9,4731
73,Barbarella,1968,3.0,5882
74,The Asphyx,1973,2.8,5193
75,Apocalypse Now,1979,4.0,8825
76,Leviathan,1989,3.2,5877
77,Marvin's Room,1996,3.5,5901
78,Love and a .45,1994,3.3,6125
79,The Mark of Zorro,1920,3.1,6433
80,Little Buddha,1993,3.4,8455
81,Like Water for Chocolate,1992,3.8,6320
82,The Mikado,1939,3.1,5448
83,Lionheart,1990,3.5,6301
84,Minnie and Moskowitz,1971,3.2,6928
85,The Hunt for Red October,1990,4.0,8106
86,The Hindenburg,1975,3.4,7546
87,I Spit on Your Grave,1978,3.1,6084
88,Hellbound: Hellraiser II,1988,3.4,5606
89,Highlander 3: The Final Dimension,1994,3.2,5943
90,Heart and Souls,1993,3.8,6196
91,House of Whipcord,1974,2.5,6144
92,The Great Outdoors,1988,3.7,5424
93,Heaven's Gate,1980,3.0,13143
94,House on Haunted Hill,1959,3.6,4491
95,The Golden Child,1986,3.5,5609
96,The Hunted,1995,3.4,6605
97,The Great Waldo Pepper,1975,3.5,6467
98,Godzilla: King of the Monsters,1956,3.5,4828
99,Highlander 2: Renegade Version,1991,3.1,6585
100,High Noon,1952,3.9,5087
101,The Hunchback of Notre Dame,1923,3.5,6750
102,Heathers,1989,3.7,6193
103,Godzilla's Revenge,1969,3.3,4165
104,Hard Target,1993,3.4,5771
105,Henry: Portrait of a Serial Killer,1986,3.2,4938
106,Godzilla vs. Mothra,1964,3.5,5285
107,The Grifters,1990,3.4,6620
108,An Ideal Husband,1999,3.5,5879
109,A Fish Called Wanda,1988,3.7,6477
110,Gentleman's Agreement,1947,3.7,7104
111,The Prophecy,1995,3.6,5864
112,Flirting with Disaster,1996,3.2,5565
113,Ghostbusters,1984,3.8,6308
114,Far and Away,1992,3.6,8396
115,Fargo,1996,3.8,5889
116,Georgia,1995,2.9,7050
117,Fascination,1979,2.7,4900
118,Fresh,1994,4.0,6829
119,The Frighteners,1996,3.6,6607
120,Go West,1925,3.5,4101
121,Ferris Bueller's Day Off,1986,3.9,6177
122,The Ghost and the Darkness,1996,3.7,6594
123,Four Rooms,1995,3.6,5872
124,The First Wives Club,1996,3.6,6139
125,Operation Condor,1991,3.6,5435
126,Gallipoli,1981,3.7,6691
127,Fallen Angels,1995,3.5,5939
128,Girl on a Motorcycle,1968,2.5,5260
129,The Falcon and the Snowman,1985,3.4,7891
130,Red Scorpion,1989,3.3,6313
131,The Pallbearer,1996,2.7,5882
132,Reefer Madness,1936,3.1,3953
133,Reservoir Dogs,1992,4.0,5963
134,Priest,1994,3.4,5862
135,Pocahontas,1995,3.8,4864
136,The Battleship Potemkin,1925,3.6,4153
137,Platoon,1986,4.0,7187
138,Re-Animator,1985,3.4,5146
139,Pulp Fiction,1994,4.1,9265
140,Reds,1981,3.5,11710
141,The Quest,1996,3.5,5690
142,Passion Fish,1992,3.6,8079
143,The Relic,1997,3.3,6580
144,The Pebble and the Penguin,1995,3.6,4442
145,The Piano,1993,3.6,7245
146,Restoration,1995,3.4,7057
147,Captured,1998,3.2,5709
148,Conan the Destroyer,1984,3.4,6085
149,Creator,1985,3.3,6454
150,Congo,1995,3.2,6492
151,Child's Play 2: Chucky's Back,1990,3.2,5054
152,Chitty Chitty Bang Bang,1968,3.6,8730
153,Caligula,1979,2.6,6108
154,Camilla,1994,3.6,5486
155,Cop and a Half,1993,3.1,5558
156,The Crow,1994,3.8,6101
157,The Crossing Guard,1995,3.3,6654
158,Clerks,1994,3.7,5505
159,The Castle,1997,3.5,5040
160,The Cat and the Canary,1927,3.1,4954
161,Class of Nuke 'Em High,1986,3.0,5113
162,The Crow: City of Angels,1996,3.4,5149
163,Coming to America,1988,3.6,7006
164,Clueless,1995,3.6,5833
165,Clockers,1995,3.4,7699
166,Career Opportunities,1991,3.3,4976
167,Curtain Call,1998,3.2,5661
168,Scream,1996,3.3,6669
169,Sgt. Kabukiman  N.Y.P.D.,1996,3.0,6303
170,The Serpent and the Rainbow,1988,3.4,5633
171,Sgt. Bilko,1996,3.5,5663
172,Silent Running,1971,3.1,5376
173,Shout,1991,3.7,5303
174,Sally of the Sawdust,1925,2.9,6852
175,School Ties,1992,3.7,6437
176,The Secret of NIMH,1982,3.8,4963
177,A Shot in the Dark,1964,3.7,6140
178,Rob Roy,1995,3.7,8359
179,Shoot Out,1971,3.7,5664
180,Salome's Last Dance,1988,2.8,5349
181,Sirens,1993,3.1,5647
182,Sanctuary,1997,3.4,5963
183,Slaughterhouse-Five,1972,3.5,6204
184,Madonna: Truth or Dare,1991,3.1,7163
185,Tommy Boy,1995,3.7,5821
186,The Toxic Avenger: Part 2,1989,2.9,6172
187,Wing Chun,1994,3.7,5752
188,WarGames,1983,3.6,6761
189,Way Down East,1920,3.0,8985
190,Tromeo &#38; Juliet,1995,3.0,6434
191,Ulzana's Raid,1972,3.6,6192
192,Where the Buffalo Roam,1980,3.6,5954
193,Wide Awake,1998,3.4,5237
194,Top Gun,1986,3.7,6574
195,True Grit,1969,3.9,7681
196,Tremors 2: Aftershocks,1995,3.3,5996
197,The Toxic Avenger,1985,3.0,5243
198,The Two Jakes,1990,3.1,8251
199,Tales from the Crypt Presents: Bordello of Blood,1996,3.3,5189
200,Tales from the Hood,1995,3.4,5850
201,Star Trek IV: The Voyage Home,1986,3.6,7128
202,Species,1995,3.2,6503
203,Somewhere in Time,1980,3.7,6205
204,Star Trek III: The Search for Spock,1984,3.6,6311
205,Things to Do in Denver When You're Dead,1995,3.4,6932
206,The Thief of Bagdad,1924,3.3,8921
207,Surf Nazis Must Die,1987,2.5,4943
208,Hard Eight,1996,3.4,6112
209,Sudden Death,1995,3.4,6622
210,Three Ages,1923,3.4,3803
211,Star Trek: First Contact,1996,3.8,6638
212,Swashbuckler,1976,3.2,6064
213,Star Trek: Generations,1994,3.6,7073
214,Steamboat Bill  Jr.,1928,3.7,3378
215,Terror of Mechagodzilla,1975,3.3,5339
216,Strange Days,1995,3.3,8711
217,Tales from the Crypt: Demon Knight,1994,3.6,5536
218,They Might Be Giants,1971,3.4,5175
219,Like It Is,1998,3.1,5580
220,The General,1998,3.4,7125
221,Dark Planet,1997,2.5,5800
222,Monument Ave.,1998,3.3,5627
223,The Truman Show,1998,3.7,6174
224,Street Fighter,1994,3.0,6112
225,Ring of Fire: IMAX,1991,3.7,2280
226,The Canterbury Tales,1972,2.7,6676
227,Mean Guns,1997,3.2,6602
228,Smoke Signals,1998,3.7,5342
229,Body Armor,1998,3.0,5736
230,Tropical Rainforest: IMAX,1992,3.5,2284
231,The Sinful Nuns of St. Valentine,1974,2.4,5597
232,Twilight,1998,3.3,5662
233,Digging to China,1998,3.7,5694
234,Titanica: IMAX,1995,3.7,4043
235,The Great Train Robbery,1978,3.6,6652
236,A Star Is Born,1937,3.3,6660
237,The Impostors,1998,3.2,6036
238,The Brandon Teena Story,1998,3.5,5271
239,Young Hercules,1997,3.2,5541
240,The Prophecy 2,1998,3.4,5007
241,Private Parts,1997,3.3,6569
242,Happy Together,1997,3.3,5762
243,Bean: The Movie,1997,3.3,5470
244,Hoodlum,1997,3.8,7822
245,My Son the Fanatic,1997,3.1,5220
246,Frozen,1997,2.2,5779
247,Mimic,1997,3.2,6336
248,The Wings of the Dove,1997,3.4,6101
249,Hercules,1997,4.0,5572
250,Mrs. Brown,1997,3.7,6289
251,Event Horizon,1997,3.5,5754
252,Face Off,1997,3.7,8334
253,Leave It to Beaver,1997,3.5,5274
254,How to Be a Player,1997,3.7,5632
255,The House of Yes,1997,3.3,5112
256,The Apostle,1997,3.4,8043
257,In &#38; Out,1997,3.3,5428
258,Chasing Amy,1997,3.6,6783
259,The Mighty Peking Man,1977,2.7,5451
260,My Teacher's Wife,1999,3.3,5359
261,Ground Control,1998,3.6,5357
262,Bride of Chucky,1998,3.3,5323
263,Project A 2,1987,3.7,6096
264,Very Bad Things,1998,3.3,6030
265,Frank &#38; Jesse,1995,3.6,6363
266,Ronin,1998,3.7,7291
267,Baron Blood,1972,2.8,5877
268,Mercury Rising,1998,3.6,6681
269,Waking Ned Devine,1998,3.7,5479
270,Hi Life,1998,2.7,5109
271,The Official Story,1985,3.6,6832
272,Jack Frost,1997,2.8,5353
273,The Borrowers,1997,3.6,5219
274,Switchback,1997,3.7,7094
275,On Any Sunday,1971,3.8,5333
276,Red Corner,1997,3.6,7338
277,The Mighty,1998,3.9,6029
278,I Love You  I Love You Not,1996,3.0,5565
279,The Mask of Zorro,1998,3.7,8255
280,The Rainmaker,1997,3.8,8128
281,B. Monkey,1998,3.1,5510
282,Pi,1998,3.5,5047
283,Scream 2,1997,3.2,7231
284,Velvet Goldmine,1998,3.4,7148
285,The Red Violin,1998,3.9,7803
286,Trekkies,1999,3.4,5198
287,Gods and Monsters,1998,3.5,6313
288,Life Is Beautiful,1997,4.2,6973
289,Kurt &#38; Courtney,1998,3.2,5704
290,Crossworlds,1996,3.0,5464
291,Titanic,1997,3.8,11691
292,Supercop,1992,3.5,5482
293,As Good as It Gets,1997,3.8,8318
294,Boogie Boy,1998,2.8,6229
295,Postmortem,1998,3.0,6049
296,Can't Hardly Wait,1998,3.5,6030
297,Species II,1998,3.1,5580
298,Lock  Stock and Two Smoking Barrels,1998,3.9,6458
299,Clay Pigeons,1998,3.4,6253
300,Antz,1998,3.6,4974
301,Little Witches,1996,2.7,5463
302,Breakdown,1997,3.5,5587
303,Mulan: Special Edition,1998,4.2,5270
304,Down in the Delta,1998,3.8,6742
305,The Godson,1998,2.8,6033
306,Cannibal! The Musical,1996,3.5,5799
307,Return to Paradise,1998,3.6,6710
308,54,1998,3.3,5578
309,The Landlady,1998,3.1,5743
310,Breeders,1997,2.5,5627
311,Grim,1995,2.5,5289
312,Another Day in Paradise,1998,3.1,6069
313,Nothing Sacred,1937,3.3,4425
314,Gunshy,1998,3.3,6065
315,Scarred City,1998,3.4,5761
316,Beneath the 12-Mile Reef,1953,3.2,6036
317,Snow White: A Tale of Terror,1997,3.5,6029
318,Phoenix,1998,3.4,6451
319,Swordsman 2,1991,3.5,6502
320,Trinity &#38; Beyond: The Atomic Bomb Movie,1995,3.8,5620
321,Tale of the Mummy,1998,3.0,5290
322,Triads: The Inside Story,1989,2.9,6021
323,One Man's Justice,1995,3.3,5982
324,Operation Condor 2: Armour of the Gods,1987,3.6,5314
325,The Peacemaker,1997,3.5,7425
326,Chandni,1989,3.4,10247
327,Darr,1993,3.5,10613
328,Money Kings,1998,3.4,6026
329,Ready to Wear,1994,2.7,7973
330,Daag,1973,2.9,8389
331,Marlene,1984,3.2,5700
332,Barney: Let's Play School,1999,2.8,2942
333,Aaina,1993,3.3,8553
334,Iron Monkey 2,1996,3.5,5412
335,Search for the Great Sharks: IMAX,1999,3.6,2273
336,Children of the Corn 666: Isaac's Return,1999,3.1,4925
337,Chariots of the Gods,1970,3.6,5320
338,Lamhe,1991,3.5,10751
339,Dil To Pagal Hai,1997,3.8,10784
340,The Eternal,1998,2.7,5706
341,The Greatest Places: IMAX,1999,3.6,2399
342,Yeh Dillagi,1994,3.3,8851
343,Small Soldiers,1998,3.6,6585
344,Just Write,1997,3.3,6282
345,Psycho,1998,3.4,6224
346,I'll Be Home for Christmas,1998,3.7,5166
347,Guinevere,1999,2.9,6299
348,Babar  King of the Elephants,1999,3.2,4756
349,The Boxer,1997,3.6,6531
350,From Dusk Till Dawn 2: Texas Blood Money,1999,3.0,5300
351,The Prince of Egypt,1998,3.8,5921
352,She's All That,1999,3.5,5738
353,Route 9,1998,3.3,6331
354,Tactical Assault,1999,3.2,5382
355,Shakespeare in Love,1998,3.7,7419
356,What Dreams May Come,1998,3.7,6813
357,eXistenZ,1999,3.2,5840
358,The Faculty,1998,3.5,6269
359,October Sky,1999,3.9,6439
360,Bloodsport 4,1999,3.1,5627
361,Little Voice,1998,3.4,5804
362,Break Up,1998,3.3,6023
363,Callie &#38; Son,1981,3.2,8473
364,National Geographic: 30 Years of National Geographic Specials,1996,3.9,5450
365,The Haunting,1999,3.2,6757
366,Trippin',1999,3.5,5578
367,Bay of Blood,1971,2.8,5060
368,National Geographic: Tigers of the Snow,1997,3.9,3298
369,Intolerance,1916,3.2,11873
370,Mickey's Once Upon a Christmas,1999,3.9,3944
371,Black Sunday,1960,3.1,5209
372,The General's Daughter,1999,3.5,6982
373,Everest: IMAX,1998,3.6,2750
374,Farewell My Concubine,1993,3.6,10292
375,Top of the World,1997,3.1,5917
376,National Geographic: The Battle for Midway,1999,3.9,5000
377,Teaching Mrs. Tingle,1999,3.2,5710
378,Lost in New York,1989,2.1,3261
379,A Walk on the Moon,1999,3.5,6432
380,The General,1926,3.5,4726
381,South Park: Bigger  Longer and Uncut,1999,3.7,4872
382,The Wolf Man,1941,3.8,4193
383,Abbott &#38; Costello: Africa Screams,1949,3.5,4751
384,Charade,1963,4.0,6804
385,National Geographic: Return to Everest Surviving Everest,1999,3.5,5853
386,My Life So Far,1999,3.5,5680
387,Music of the Heart,1999,3.6,7393
388,The Muse,1999,3.0,5802
389,The Very Thought of You,1999,3.2,5106
390,Deathsport,1978,2.5,4966
391,Joe the King,1999,3.4,6036
392,Runaway Bride,1999,3.4,6978
393,K-911,1999,3.3,5464
394,Grey Owl,1999,3.6,7077
395,Rogue Trader,1999,3.3,6104
396,Seven Chances,1925,3.6,3402
397,An Extremely Goofy Movie,1999,3.8,4738
398,The Sex Monster,1999,2.8,5842
399,Mystery Men,1999,3.3,7277
400,Butch Cassidy and the Sundance Kid,1969,4.0,6626
401,Dracula,1931,3.6,4491
402,Love Is a Many-Splendored Thing,1955,3.5,6115
403,Dudley Do-Right,1999,3.0,4621
404,From Dusk Till Dawn 3: The Hangman's Daughter,1999,3.2,5642
405,Bloodfist 2,1990,3.0,5054
406,Being John Malkovich,1999,3.4,6767
407,The Breaks,1999,3.5,5175
408,The Last Temptation of Christ,1988,3.4,9790
409,Our Town,1940,3.2,5376
410,Believe,2000,3.3,5767
411,The Fox and the Hound,1981,3.9,4975
412,Ghost Dad,1990,3.3,5041
413,That's the Way I Like It,1999,3.1,5513
414,Jackie Chan's Project A,1983,3.6,5890
415,Walking with Dinosaurs,1999,3.8,
416,For Love of the Game,1999,3.8,8267
417,The Prophecy 3: The Ascent,2000,3.4,5048
418,Best of the Best 3,1993,3.5,5886
419,The Trial,1962,3.3,7164
420,Superstar,1999,3.4,4906
421,Happy  Texas,1999,3.3,5914
422,The Tempest,1979,2.2,5710
423,Waking the Dead,1999,3.2,6310
424,The Van,1977,2.7,5201
425,Switchblade Sisters,1975,3.1,5442
426,American Gigolo,1980,3.2,6997
427,BoyFriends,1996,2.6,4901
428,F X 2,1991,3.3,6493
429,White Zombie,1932,3.3,3923
430,The Cider House Rules,1999,3.8,7523
431,Scream 3,2000,3.2,7013
432,The Tigger Movie,2000,3.5,4626
433,Holy Smoke,2000,3.0,6855
434,The Endless Summer,1966,3.9,5509
435,The House of Exorcism,1975,2.5,5495
436,The Sacrifice,1986,3.5,8924
437,Kill  Baby... Kill!,1966,2.9,5023
438,Requiem for a Dream,2000,3.9,6087
439,Monkeybone,2001,3.1,5561
440,Boricua's Bond,2000,3.4,5745
441,Lisa &#38; the Devil,1974,2.7,5728
442,Dead Again,1991,3.6,6462
443,Clue,1985,3.8,5811
444,The Brother from Another Planet,1984,3.2,6567
445,Shaft,2000,3.4,5956
446,Butterfly,1999,3.8,5625
447,Barney's Super Singing Circus,2000,2.7,2957
448,Manhattan,1979,3.7,5778
449,Human Traffic,1999,3.4,5054
450,Up at the Villa,2000,3.2,6937
451,Hamlet,2000,3.0,6682
452,The Rescuers Down Under,1990,3.9,4627
453,Pocahontas II: Journey to a New World,1998,3.6,4388
454,Telling You,1998,2.6,5661
455,Mercy,2000,3.0,5652
456,But I'm a Cheerleader,1999,3.4,5103
457,Chronicle of Anna Magdalena Bach,1968,2.7,5613
458,In Old California,1942,3.5,5260
459,East Is East,1999,3.3,5808
460,The Skulls,2000,3.5,6394
461,The Adventures of Rocky and Bullwinkle,2000,3.0,5509
462,Joe Gould's Secret,2000,3.1,6513
463,Tie Me Up! Tie Me Down!,1990,3.3,6102
464,Scary Movie,2000,3.4,5308
465,Forrest Gump,1994,4.3,8525
466,Dreamscape,1984,3.3,5941
467,Hatchet for the Honeymoon,1970,2.7,5287
468,Committed,2000,3.1,5869
469,Romeo &#38; Juliet,1968,3.7,8293
470,Don't Let Me Die on a Sunday,1998,2.4,5246
471,Love's Labour's Lost,2000,2.9,5624
472,Man on the Moon,1999,3.3,7112
473,Mansfield Park,1999,3.8,6718
474,Isn't She Great,2000,3.4,5712
475,Grease,1978,3.8,6630
476,Kadosh,1999,3.0,6990
477,The War Zone,1999,3.2,5702
478,Agnes Browne,1999,3.6,5531
479,Beautiful People,1999,2.9,6446
480,Diamonds,1999,3.4,5392
481,The Lovers on the Bridge,1991,3.2,7573
482,Return to Me,2000,3.7,6953
483,The Last September,1999,3.0,6188
484,Following,1998,3.4,4206
485,Coming to Light: Edward S. Curtis and the North American Indians,2000,4.0,5027
486,Condo Painting,2000,2.5,5152
487,Mission: Impossible II,2000,3.4,7412
488,Sonatine,1993,3.5,5644
489,Dead Man,1995,3.5,7278
490,Planet of the Apes,1968,3.7,6721
491,Braveheart,1995,4.2,10658
492,Brian's Song,1971,3.8,4454
493,Wishful Thinking,1999,2.7,5368
494,Star Trek II: The Wrath of Khan,1982,3.7,6782
495,The Langoliers,1995,3.3,10798
496,Strike,1925,3.4,5321
497,The Awful Dr. Orlof,1962,2.5,4973
498,The Girl Who Knew Too Much,1963,2.9,5146
499,Black Sabbath,1964,3.1,5754
500,Pumpkinhead,1988,3.3,5187
501,Mad About Mambo,2000,3.4,5547
502,Blowback,2000,3.3,5477
503,Kite,1998,3.3,2839
504,Kabhi Kabhie,1976,3.5,9927
505,Silsila,1981,3.6,10370
506,Men in Black,1997,3.9,5879
507,Robin Hood,1973,4.0,4983
508,Impostor,2001,3.4,6143
509,Solar Crisis,1990,2.8,6696
510,Thick as Thieves,1999,3.3,5668
511,Ultimate Weapon,1998,3.1,5453
512,Extreme Justice,1993,3.4,5750
513,Death Machine,1994,2.8,5955
514,Evolver,1995,3.0,5517
515,Hannibal,2001,3.6,7881
516,Shane,1953,3.8,7081
517,Female Vampire,1973,2.9,6034
518,The Naked Gun 2 1 2: The Smell of Fear,1991,3.4,5102
519,Naked Gun 33 1 3: The Final Insult,1994,3.4,4950
520,Jerry and Tom,1998,3.2,5823
521,Aimee and Jaguar,1998,3.4,7289
522,The Original Kings of Comedy,2000,3.7,6668
523,About Adam,2000,2.9,5800
524,Blow Dry,2001,3.3,5420
525,Dragonheart: A New Beginning,2000,3.4,5038
526,Da Hip Hop Witch,2000,1.9,4800
527,Highlander: Endgame,2000,3.4,6026
528,Beach Party,1963,3.4,5874
529,Alien Visitor,1995,3.1,5500
530,Frogs,1972,2.8,5407
531,Pet Sematary,1989,3.5,6161
532,The List,2000,2.5,5285
533,Sorority House Massacre,1986,2.7,4442
534,Stiff Upper Lips,1998,2.9,5220
535,Refugee,2000,3.3,11983
536,Rosemary's Baby,1968,3.5,8203
537,James and the Giant Peach,1996,3.6,4761
538,The Philadelphia Experiment,1984,3.3,6074
539,Santa Claus: The Movie,1985,3.7,6486
540,Doctor Dolittle,1967,3.5,8828
541,Blood Beast Terror,1967,2.9,5257
542,Along Came a Spider,2001,3.7,6184
543,Quadrophenia,1979,3.6,6876
544,Wildflowers,2000,2.9,5826
545,Mysterious Mr. Wong,1935,3.1,3754
546,Unspeakable: Special Edition,2000,2.2,4876
547,Brain Dead,1990,2.8,5071
548,Barney: Come on Over to Barney's House,2000,2.8,3033
549,Talk Radio,1988,3.2,6544
550,Casper's Haunted Christmas,2000,3.5,4798
551,The Land Before Time VII: Stone of Cold Fire,2000,3.6,4449
552,Hoop Dreams,1994,3.9,10293
553,Thursday,1998,3.7,5270
554,No Looking Back,1998,3.1,5803
555,Jude,1996,3.3,7351
556,Going All the Way,1997,2.6,6216
557,Hitman's Run,1999,3.2,5589
558,A Room for Romeo Brass,1999,3.1,5456
559,Quills,2000,3.5,7444
560,Slugs,1987,2.9,5371
561,The Emperor's New Groove,2000,4.0,4703
562,No Code of Conduct,1998,3.3,5399
563,The Trial of Billy Jack,1974,3.5,10399
564,Air Bud: World Pup,2000,3.5,4952
565,Fugitive Mind,1999,2.7,5633
566,Backstage,2000,3.7,5219
567,Beowulf,1999,3.0,5597
568,Mashaal,1984,3.0,9692
569,Hellraiser IV: Bloodline,1996,3.3,5096
570,Halloween 6: The Curse of Michael Myers,1995,3.5,5295
571,Hellraiser V: Inferno,2000,3.3,5983
572,The Bounty,1984,3.5,7866
573,My Tutor,1983,3.2,5590
574,The Crow: Salvation,2000,3.3,6127
575,Killers,1997,2.5,4997
576,Fiza,2000,3.2,9824
577,Butterfly Sword,1993,3.3,5219
578,If You Only Knew,2000,3.1,6389
579,Traffic,2000,3.8,8849
580,2000 A.D.,2000,2.9,6248
581,The Stuff,1985,3.1,5193
582,Joseph: King of Dreams,2000,3.9,4480
583,A Time for Drunken Horses,2000,3.5,4719
584,Year of the Horse: Neil Young &#38; Crazy Horse Live,1997,3.3,6429
585,Vatel,2000,3.5,6197
586,Malèna,2000,3.7,5520
587,Double Parked,2000,2.9,5822
588,Detroit 9000,1973,3.2,6414
589,Men of War,1994,3.4,6179
590,Cheech &#38; Chong's Up in Smoke,1978,3.7,5147
591,White Christmas,1954,4.3,7201
592,His Girl Friday,1940,3.9,5505
593,Cherry 2000,1987,3.1,5907
594,The Odd Couple,1968,3.8,6324
595,The Sword in the Stone,1963,3.9,4776
596,The Conversation,1974,3.6,6821
597,Stephen King's Children of the Corn,1984,3.3,5543
598,Friday Foster,1975,3.2,5399
599,Foxy Brown,1974,3.4,5501
600,The Man Who Cried,2000,3.3,5992
601,I'm Gonna Git You Sucka,1988,3.5,5327
602,Sheba  Baby,1975,3.3,5378
603,The Gift,2000,3.6,6699
604,Coffy,1973,3.4,5405
605,Truck Turner,1974,3.3,5481
606,Sound and Fury,2000,3.7,4683
607,Calle 54,2000,3.1,6329
608,Nightwatch,1997,3.3,6082
609,She's So Lovely,1997,3.0,5782
610,Cabiria,1914,2.9,7684
611,Poor White Trash,2000,3.0,5160
612,Mohabbatein,2000,3.8,12966
613,Panic,2000,3.2,5273
614,New Legend of Shaolin,1994,3.7,5623
615,The Secret of NIMH 2: Timmy to the Rescue,1998,3.5,4108
616,The Stepdaughter,2000,3.2,5544
617,Attack of the Puppet People,1958,3.0,4760
618,The Man from Planet X,1951,3.0,4242
619,Destination Vegas,1995,2.7,5167
620,The Untouchables,1987,4.0,7164
621,Die Screaming  Marianne,1971,2.3,6042
622,Confessions of Sorority Girls,1993,2.6,4946
623,Little City,1997,3.0,5393
624,Caesar and Cleopatra,1945,3.3,7674
625,An Officer and a Gentleman,1982,3.8,7453
626,Mother,1996,3.3,6230
627,Brubaker,1980,3.7,7833
628,Children of Heaven,1997,3.7,5267
629,Himalaya,1999,3.7,6235
630,Caravans,1978,3.3,7512
631,Casanova '70,1965,2.6,7077
632,Casanova Brown,1944,3.5,5488
633,Carmen Jones,1954,3.6,6283
634,Belle of the Yukon,1944,3.1,5068
635,Beverly Hills Cop II,1987,3.5,6179
636,Beverly Hills Cop,1984,3.8,6304
637,Breaking Away,1979,3.8,6058
638,Get Over It,2001,3.4,5170
639,The Widow of St. Pierre,2001,3.5,6730
640,Tomb Raider,2001,3.4,6031
641,Jay and Silent Bob Strike Back,2001,3.6,6277
642,Ordinary People,1980,3.7,7445
643,The Evening Star,1996,3.6,7752
644,Terms of Endearment,1983,3.8,7911
645,Ride,1998,3.6,5043
646,Rhyme &#38; Reason,1997,3.8,5341
647,Sweet Revenge,1998,3.1,5405
648,I Got the Hook Up,1998,3.6,5592
649,C.H.U.D.,1984,3.1,5789
650,Black Moon Rising,1986,3.2,5981
651,Sister Sister,1987,3.1,5374
652,How to Marry a Millionaire,1953,3.8,5744
653,The Seven Year Itch,1955,3.6,6264
654,There's No Business Like Show Business,1954,3.6,7033
655,Immortality,2000,2.9,5957
656,Girls Just Want to Have Fun,1985,3.7,5246
657,Electra,1962,3.0,6752
658,Dumbo,1941,3.8,3832
659,Jackie Brown,1997,3.7,9263
660,Endless Love,1981,3.3,6615
661,Joe,1970,2.9,6417
662,Enchanted April,1992,3.8,5573
663,Fellini's Casanova,1976,2.9,9277
664,Flashdance,1983,3.5,5681
665,Fatal Attraction,1987,3.6,7164
666,For the Boys,1991,3.4,8690
667,Crimes of the Heart,1986,3.3,6290
668,Glengarry Glen Ross,1992,3.7,6024
669,Harry and Tonto,1974,3.5,6922
670,Mary  Queen of Scots,1971,3.6,7685
671,Metropolitan,1990,3.4,5924
672,Kolya,1996,3.9,6307
673,Roman Holiday,1953,4.1,7087
674,My Brilliant Career,1979,3.4,5978
675,Remo Williams: The Adventure Begins,1985,3.6,7277
676,Ridicule,1996,3.5,6164
677,Nell,1994,3.6,6767
678,Never on Sunday,1960,3.3,5571
679,Of Human Bondage,1934,3.5,4988
680,Same Time  Next Year,1978,3.5,7113
681,The Brink's Job,1978,3.5,6189
682,She Done Him Wrong,1933,3.4,3897
683,The Ghost and Mrs. Muir,1947,3.9,6262
684,The Best Little Whorehouse in Texas,1982,3.6,6851
685,Sometimes a Great Notion,1971,3.8,6872
686,Tempest,1928,2.6,4908
687,Svengali,1931,3.0,4866
688,Sunflower,1970,3.5,6450
689,The Field,1990,3.4,6641
690,The African Queen,1951,4.1,6312
691,The Agony and the Ecstasy,1965,3.7,8346
692,The Accused,1988,3.7,6630
693,Serpico,1973,3.8,7805
694,The Dead,1987,3.2,4990
695,The Promise,1979,3.7,5817
696,The Rescuers,1977,3.9,4632
697,The Inn of the Sixth Happiness,1958,4.0,9470
698,The Woman in Red,1984,3.1,5196
699,The Other Side of the Mountain,1975,3.8,6139
700,The Paper Chase,1973,3.6,6668
701,The Nasty Girl,1990,3.5,5673
702,The Naked City,1948,3.6,5754
703,The Sting II,1983,3.2,6106
704,The Man Who Shot Liberty Valance,1962,4.0,7399
705,The Molly Maguires,1970,3.4,7480
706,Twelve O'Clock High,1949,3.9,7948
707,The Men,1950,3.4,5207
708,The Lady Eve,1941,3.7,5648
709,Toys,1992,3.1,7296
710,Trading Places,1983,3.9,6980
711,Tom &#38; Viv,1994,3.3,6935
712,The Scent of Green Papaya,1993,3.5,6235
713,The Sand Pebbles,1966,3.8,10703
714,Imitation of Life,1959,4.0,7472
715,Witness for the Prosecution,1957,4.0,6985
716,Young Mr. Lincoln,1939,3.7,5990
717,Hoffa,1992,3.6,8399
718,Heavenly Creatures,1994,3.5,5955
719,War and Peace,1956,3.6,12500
720,Allosaurus: A Walking with Dinosaurs Special,2001,3.7,1745
721,The Taste of Others,2000,3.1,6779
722,Chunhyang,2000,3.2,6953
723,Escanaba in da Moonlight,2000,3.1,5491
724,Marriage Italian Style,1964,3.6,6101
725,Nice Guys Sleep Alone,2000,2.9,5466
726,Hondo,1953,4.0,5042
727,Von Ryan's Express,1965,3.7,7011
728,Valley of the Dolls,1967,3.4,7398
729,Valmont,1989,3.4,8030
730,Beyond Silence,1996,3.6,6293
731,Series 7: The Contenders,2001,3.0,5260
732,Keep the River on Your Right: A Modern Cannibal Tale,2000,3.1,5626
733,Not of This Earth,1988,2.7,4856
734,Zombie Lake,1981,2.5,5210
735,For Bad Boys Only,2000,2.8,6059
736,Oasis of the Zombies,1982,2.2,4879
737,Everybody's Famous!,2000,3.1,5487
738,Tomcats,2001,3.3,5678
739,The Great Gatsby,1974,3.6,8605
740,The Young Girls of Rochefort,1967,3.1,7498
741,Orloff and the Invisible Man,1970,2.7,4557
742,Blackadder: Series 3,1987,3.8,
743,Blackadder: Series 2,1986,3.8,
744,Blackadder: Series 1,1983,3.8,
745,The House of the Spirits,1993,3.7,7953
746,Blackadder: Series 4,1989,3.8,
747,Love Story,1970,3.5,6016
748,Hollywood Boulevard,1976,2.7,4953
749,The Libertine,1968,2.4,5484
750,The Golden Bowl,2000,3.1,7805
751,Rat,2000,2.9,5511
752,Blame It on Rio,1984,3.2,5999
753,A Home of Our Own,1993,3.8,6277
754,Into Thin Air: Death on Everest,1997,3.3,5404
755,Essex Boys,2000,3.2,6134
756,Bounty Hunters,1996,3.2,5789
757,Dolphins: The Ultimate Guide,2000,3.9,2700
758,Mimic 2: Hardshell,2001,3.0,4914
759,Lust in the Dust,1985,2.9,5027
760,Killer Bud,2001,2.9,5552
761,Bounty Hunters 2: Hardball,1997,3.2,5819
762,American Virgin,2000,2.3,5257
763,Blood Surf,2000,3.0,5280
764,Sacrifice,2000,3.3,5191
765,Attraction,2000,2.9,5728
766,Memento,2000,3.8,6806
767,Pavilion of Women,2000,3.2,6959
768,Sidewalks of New York,2001,3.0,6465
769,Faust: Love of the Damned,2000,2.8,6053
770,The Dunwich Horror,1970,3.0,5261
771,Hell Up in Harlem,1973,3.2,5678
772,She-Devil,1989,3.4,5963
773,The Musketeer,2001,3.4,6265
774,Zoolander,2001,3.5,5348
775,42 Up,1998,3.8,8018
776,George Carlin: On Location With George Carlin,1977,3.9,5110
777,George Carlin Again!,1978,4.0,4862
778,George Carlin: Carlin on Campus,1984,3.9,3517
779,George Carlin: Carlin at Carnegie,1982,3.9,3590
780,Double Down,2001,3.1,5572
781,Chasing Sleep,2000,3.0,6246
782,Bruiser,2000,2.9,5973
783,Bodywork,2001,2.3,5575
784,Turbulence 3: Heavy Metal,2001,3.0,5773
785,Killer Instinct,2000,2.9,5250
786,The French Connection II,1975,3.3,7155
787,Beautiful Creatures,2000,3.0,5278
788,Beach Blanket Bingo,1965,2.8,5792
789,Maybe Baby,2000,3.0,5616
790,Windtalkers,2002,3.6,8054
791,Scary Movie 2,2001,3.4,4940
792,Donovan's Brain,1953,3.1,5025
793,Mickey's Magical Christmas: Snowed in at the House of Mickey Mouse,2000,3.9,3688
794,Shake  Rattle &#38; Rock!,1994,3.2,5018
795,Shopping,1994,2.4,6391
796,Strictly Sinatra,2001,2.8,5833
797,Dressed to Kill,1980,3.3,6270
798,The Animal,2001,3.2,4988
799,The New Guy,2002,3.6,5313
800,Pandaemonium,2000,3.2,7493
801,America's Sweethearts,2001,3.1,6196
802,The Closet,2000,3.6,5109
803,Borough of Kings,2000,3.1,5702
804,The Nine Lives of Fritz the Cat,1974,3.2,4592
805,Gunmen,1993,3.3,5459
806,Deathstalker,1983,2.7,4597
807,Backyard Dogs,2000,2.1,5768
808,Barbarian Queen,1985,2.6,4231
809,Children of the Corn 7: Revelation,2001,3.1,4921
810,Together,2000,3.2,6131
811,Children of the Corn IV: The Gathering,1996,3.0,5113
812,Children of the Corn 5: Fields of Terror,1998,3.1,4982
813,Children of the Corn 3: Urban Harvest,1995,3.0,5456
814,The Enemy,2001,3.2,5900
815,The Deep End,2001,3.2,6056
816,Session 9,2001,3.1,6016
817,Dil Chahta Hai,2001,4.0,11110
818,Doomsdayer,2000,3.0,5588
819,Tremors 3: Back to Perfection,2001,3.2,6215
820,St. Ives,1998,3.4,5395
821,Colors,1988,3.7,7185
822,The Score,2001,3.7,7444
823,Devil's Prey,2001,2.9,5177
824,Our Song,2000,3.3,5825
825,China Strike Force,2000,3.2,5506
826,Quigley Down Under,1990,3.8,7196
827,The Return of a Man Called Horse,1976,3.5,7540
828,Stephen King's Golden Years,1991,3.3,
829,Wish Upon a Star,1996,3.9,5372
830,Bread and Tulips,2000,3.6,6990
831,The Hunchback of Notre Dame II,2002,3.4,3948
832,Running Scared,1986,3.5,6403
833,Not Without My Daughter,1991,3.8,6950
834,Hit Team,2001,3.1,5602
835,The Unborn,1991,2.9,4857
836,Terror Within,1989,2.8,5263
837,Phat Beach,1996,3.4,5330
838,The Visitors,1993,3.4,6428
839,Killer Klowns from Outer Space,1988,2.8,5168
840,Pootie Tang,2001,3.4,4881
841,Lost and Delirious,2001,3.2,6198
842,Gregory's Girl,1981,3.2,5477
843,Of Mice and Men,1992,3.8,6645
844,Jimmy Neutron: Boy Genius,2001,3.6,4954
845,Gang Related,1997,3.6,6684
846,Lone Wolf McQuade,1983,3.5,6432
847,The One,2001,3.7,5237
848,The Dogs of War,1980,3.3,7127
849,Daydream Believers: The Monkees Story,2000,3.4,5547
850,The Russia House,1990,3.3,7383
851,Carrington,1995,3.2,7354
852,Ed Gein,2000,3.1,5350
853,Dragstrip Girl,1994,2.5,4973
854,Robinson Crusoe,1997,3.4,5440
855,Brian's Song,2001,3.9,5362
856,Bravo Two Zero,1999,3.4,7335
857,The Adventures of Buckaroo Banzai Across the 8th Dimension,1984,3.3,6155
858,J.D.'s Revenge,1976,3.4,5764
859,The Shipping News,2001,3.4,6677
860,Kill Me Later,2001,3.1,5383
861,Happy Accidents,2000,3.2,6642
862,Bandits,2001,3.4,7380
863,Jailbreakers,1994,2.9,4535
864,Air Bud: Seventh Inning Fetch,2001,3.5,5566
865,A.K.A. Cassius Clay,2001,3.8,4734
866,Black Hawk Down,2001,4.0,8660
867,Amazons and Gladiators,2001,2.8,5363
868,Ripper: Letter from Hell,2001,3.1,6842
869,The Accidental Spy,2001,3.6,5243
870,The Opponent,2000,3.2,5424
871,The Master of Disguise,2002,3.4,4819
872,Impromptu,1991,3.3,6460
873,Drive By,2002,3.0,5874
874,De Sade,1969,2.3,6228
875,Walking with Prehistoric Beasts,2001,3.8,
876,Atlantis: The Lost Empire,2001,3.8,5743
877,The Snapper,1993,3.3,5666
878,The Glass Shield,1994,3.5,6614
879,The Bad News Bears,1976,3.6,6117
880,The Many Adventures of Winnie the Pooh,1977,3.9,4439
881,The Bad News Bears Go to Japan!,1978,2.9,5545
882,The Bad News Bears in Breaking Training,1977,3.2,5975
883,Squeeze,1997,3.6,5742
884,Hav Plenty,1997,3.5,5244
885,Triumph of the Spirit,1989,3.6,7220
886,The Apocalypse Watch,1997,2.8,
887,Donnie Darko,2001,3.9,6796
888,Less Than Zero,1987,3.5,5901
889,Say Anything...,1989,3.8,6017
890,Dead in the Water,2001,3.0,5327
891,National Geographic: Inside the Vatican,2001,3.6,3389
892,Everyday is Valentine,2001,2.9,5979
893,Piñero,2002,3.0,5655
894,National Geographic: Beyond the Movie: The Lord of the Rings: The Fellowship of the Ring,2001,3.6,3174
895,Nakhuda,1981,2.3,6723
896,Vijay,1988,2.8,10362
897,Reflex Action,2002,3.2,5866
898,Nomads,1986,2.9,5338
899,Desperate Hours,1990,2.9,6302
900,Monsoon Wedding,2001,3.6,6861
901,National Geographic: Super Croc,2002,3.8,5735
902,Darkness Falls,1999,3.3,5500
903,Indecent Proposal,1993,3.3,7016
904,Soapdish,1991,3.4,5786
905,Light Keeps Me Company,2000,3.2,4538
906,The Son's Room,2001,3.4,5986
907,Monkey Business,1952,3.5,5815
908,Strictly Ballroom,1992,3.7,5673
909,Mexico City,2000,3.3,5272
910,Slap Shot 2: Breaking the Ice,2001,3.0,6226
911,The Hunchback of Notre Dame,1996,3.7,5448
912,The Skulls 2,2002,3.1,5960
913,Risk,2000,3.1,5576
914,Second to Die,2001,3.1,5367
915,Adrenalin: Fear the Rush,1996,2.8,4603
916,The Mystic Masseur,2001,2.9,7110
917,Super Troopers,2002,3.9,6007
918,Stolen Summer,2002,3.6,5562
919,Baran,2001,3.4,5746
920,The Last Man,2000,2.5,5629
921,We Were Soldiers,2002,4.0,8309
922,World Traveler,2002,2.5,6188
923,Kissing Jessica Stein,2001,3.3,5804
924,Resident Evil,2002,3.7,6028
925,The Man from Snowy River,1982,3.9,6270
926,The Parole Officer,2001,3.3,5660
927,Prozac Nation,2001,3.1,5701
928,Hard Lessons,1986,3.8,5629
929,River of No Return,1954,3.6,5455
930,The Piano Teacher,2002,2.9,7528
931,Time of Favor,2000,3.2,6127
932,Shaolin Soccer,2001,3.8,5269
933,Failan,2001,3.2,6977
934,Epoch,2001,3.1,5842
935,Slap Shot,1977,3.8,7375
936,Nora,2000,3.1,6130
937,The Gambler,1974,3.0,6647
938,The Beloved Rogue,1927,2.6,5899
939,The Iron Mask,1929,3.0,4340
940,The Great Mouse Detective,1986,3.9,4454
941,Backflash,2002,3.2,5424
942,Tarzan &#38; Jane,2002,3.6,4522
943,Siberian Lady Macbeth,1962,2.4,5568
944,National Geographic: The Incredible Human Body,2002,3.7,3373
945,The Gospel According to Philip K. Dick,2000,2.8,4760
946,The Toxic Avenger: Part 3,1989,2.9,6130
947,Pressure Point,2001,3.4,5680
948,In Like Flint,1967,3.4,6882
949,Hidden Assassin,1995,3.2,5351
950,To Die For,1994,2.7,5799
951,The Void,2001,2.9,5587
952,Behind the Sun,2001,3.4,5514
953,Beneath Loch Ness,2002,3.0,5747
954,Y Tu Mamá También,2001,3.7,6335
955,The Boondock Saints,1999,4.1,6507
956,The Sum of All Fears,2002,3.6,7421
957,Cinema Paradiso,1988,4.0,7450
958,Basquiat,1996,3.6,6382
959,Loaded,1994,2.3,5752
960,Love Serenade,1996,2.9,6073
961,Down and Out in Beverly Hills,1986,3.3,6198
962,The Harmonists,1997,3.7,6908
963,Gordy,1995,3.3,5397
964,Office Killer,1997,2.8,5006
965,Country Life,1994,3.2,6451
966,Just Another Girl on the I.R.T.,1992,3.7,5844
967,Walking and Talking,1996,3.0,5124
968,Sarafina!,1992,3.7,5907
969,Girls in Prison,1994,2.6,4946
970,Captives,1994,3.1,5922
971,Spirit Lost,1997,2.8,5278
972,The Street King,2002,3.4,5466
973,The Dangerous Lives of Altar Boys,2002,3.4,6277
974,Lilo &#38; Stitch,2002,3.9,5114
975,Possession,2002,3.3,6120
976,The Kid,1997,3.5,5369
977,Silver Bullet,1985,3.6,5694
978,Graveyard Shift,1990,3.1,5179
979,Hey Arnold! The Movie,2002,3.6,4543
980,Pretty in Pink,1986,3.7,5791
981,Never Again,2001,3.2,5866
982,Jacked Up,2000,3.6,5993
983,Jamie Foxx: I Might Need Security,2001,3.6,3892
984,Shiner,2000,3.0,5983
985,Paid in Full,2002,4.1,5883
986,XXX,2002,3.5,7947
987,Spy Kids 2: The Island of Lost Dreams,2002,3.5,6024
988,Jackass: The Movie,2002,3.5,5097
989,A Guy Thing,2003,3.2,6092
990,They,2002,3.1,5398
991,A Gentleman's Game,2001,3.5,6658
992,Dahmer,2002,2.8,6132
993,Dark Blue,2003,3.2,7088
994,The Rules of Attraction,2002,3.1,6620
995,The Serpent's Kiss,1997,3.0,6611
996,The Replacement Suspect,2001,2.7,5419
997,Mickey's House of Villains,2002,3.7,4081
998,Operation Enduring Freedom,2002,3.3,3954
999,G-Men from Hell,2001,2.3,5904
1000,Monkey Trouble,1994,3.6,5767
1001,The Care Bears Movie,1985,3.5,4547
1002,The Long Goodbye,1973,3.4,6730
1003,The Onion Field,1979,3.5,7285
1004,Citizen Toxie: The Toxic Avenger IV,2002,2.9,6540
1005,House II: The Second Story,1987,3.2,5295
1006,House,1986,3.4,5544
1007,Hopscotch,1980,3.7,6296
1008,The Adventures of Tom Thumb and Thumbelina,2002,3.4,4501
1009,Ten Tiny Love Stories,2002,2.8,5824
1010,Code Unknown,2000,3.0,6734
1011,The Importance of Being Earnest,2002,3.5,5623
1012,Hellraiser VI: Hellseeker,2002,3.3,5340
1013,The Heroic Trio,1993,3.1,5135
1014,The Sidewalks of Bangkok,1984,2.6,5307
1015,The Next Big Thing,2001,2.7,5118
1016,The Demon Within,2000,2.6,5710
1017,National Geographic: Lost Subs: Disaster at Sea,2002,3.7,3283
1018,The Land Before Time IX: Journey to Big Water,2002,3.7,4472
1019,Nailed,2001,2.8,5378
1020,Treasure Island,1999,3.2,5729
1021,National Geographic: The Search for Kennedy's PT 109,2002,3.8,3293
1022,Fighter,2000,3.3,5209
1023,Munchie,1992,2.9,4853